bpm,spec flat,spec skew,kurt,zero cross,hpss,vocal,bin1,bin2,bin3,bin4,bin5,bin6,bin1 mean freq,bin1 std,bin1 q25,bin1 q75,bin2 mean freq,bin2 std,bin2 q25,bin2 q75,bin3 mean freq,bin3 std,bin3 q25,bin3 q75,bin4 mean freq,bin4 std,bin4 q25,bin4 q75,bin5 mean freq,bin5 std,bin5 q25,bin5 q75,bin6 mean freq,bin6 std,bin6 q25,bin6 q75,nr
0.00026041526019715197,0.00016181142381182256,5.056606994119455e-06,2.5042336700144983e-06,0.11257018490308732,2.5283034970597276e-06,2.5283034970597276e-06,0.9936435007724495,0.0006674721232237681,8.090571190591128e-05,2.275473147353755e-05,1.2641517485298639e-05,7.584910491179183e-06,0.0,0.0,0.0,0.0,7.58460254381324e-12,4.097494304018799e-11,2.8170336063798712e-15,3.187079454116843e-13,1.038472521399361e-09,2.1148543243014952e-10,8.570088440346383e-10,1.2022232433494592e-09,1.91966449055184e-09,2.4450407742186824e-10,1.6711644938515142e-09,2.126842020461678e-09,2.6873322700426867e-09,2.1829225752010856e-10,2.5387156564072057e-09,2.7798620176565347e-09,3.32366302626282e-09,7.267086054795694e-11,3.266278349201856e-09,3.3914915465871284e-09,0.0
0.0002701691985515177,0.00019947071668756914,5.0498915617106114e-06,3.3267667536701217e-06,0.12037931504805754,2.5249457808553057e-06,2.5249457808553057e-06,0.9927278827673187,0.0002221952287152669,7.574837342565916e-05,5.049891561710611e-05,2.5249457808553055e-05,1.2624728904276528e-05,0.0,0.0,0.0,0.0,7.298577217307242e-12,6.152591438006459e-11,2.393565233332007e-15,3.232431505455316e-13,2.6351765813263714e-09,5.292974909387159e-10,2.218978930405898e-09,2.9881566836580626e-09,5.216464759819417e-09,5.099793327650544e-10,4.854883007500584e-09,5.543408263830611e-09,6.868372662757287e-09,4.76672671971961e-10,6.577480345822174e-09,7.1219725888169255e-09,8.630737096319032e-09,4.6214971407909514e-10,8.250136360117622e-09,8.856380605278687e-09,1.0
0.0003429292104780707,4.572389473040942e-05,5.080432747823269e-06,2.7931655820025725e-06,0.08531570713419616,2.5402163739116347e-06,0.0,0.9963516085557343,0.0020677361283640704,0.0005410660876431782,0.00011430973682602355,3.0482596486939615e-05,1.5241298243469807e-05,0.0,0.0,0.0,0.0,5.358515314708123e-12,3.36454681582081e-11,3.1049090404825966e-16,1.0395843251693014e-13,7.919431911850763e-10,1.5631503420882746e-10,6.572242970040954e-10,9.009299538467167e-10,1.410704336840716e-09,1.5856680901348143e-10,1.2680021286829514e-09,1.5369307329970755e-09,1.9561624585943875e-09,1.546280257105853e-10,1.8409329248437525e-09,2.0579667905172104e-09,2.562680523392685e-09,1.4633939621073382e-10,2.4460409149172526e-09,2.674151901311705e-09,2.0
0.0005763491130874764,0.00029556364773716744,9.852121591238913e-06,1.699293458311614e-05,0.10210246211080448,4.926060795619457e-06,0.0,0.9947736431281888,0.00024630303978097286,6.89648511386724e-05,1.9704243182477827e-05,1.9704243182477827e-05,4.926060795619457e-06,0.0,0.0,0.0,0.0,1.2621328342163892e-11,1.435322442238443e-10,6.363090969216761e-17,2.9317970183214437e-13,7.956123155127827e-09,1.6942363454380255e-09,6.354026822197583e-09,9.56172584012778e-09,1.4408057882918708e-08,1.7251834356955616e-09,1.2786826199963594e-08,1.5739134117183586e-08,1.9989407915875446e-08,1.9690635924742088e-09,1.816065981651766e-08,2.146731419971052e-08,2.642305217993219e-08,1.5786923382766458e-09,2.5342626417984436e-08,2.7771924628771106e-08,3.0
0.00035901731486427126,0.0005824616576818947,5.0212211869128845e-06,4.950129367723295e-06,0.15877101393018542,2.5106105934564423e-06,2.5106105934564423e-06,0.9873151901509002,0.00010544564492517058,2.7616716528020864e-05,1.0042442373825769e-05,2.5106105934564423e-06,1.5063663560738654e-05,0.0,0.0,0.0,0.0,5.603427264436366e-12,3.6253475562402154e-11,1.6795538056029597e-15,5.978557839213543e-13,1.888672094803039e-09,3.795160235560422e-10,1.5504041587478972e-09,2.1178289053115293e-09,3.457676427756227e-09,3.904379579268617e-10,3.2820518161624524e-09,3.608017042593811e-09,4.304512661699806e-09,1.0838821862428417e-10,4.278058809923299e-09,4.372550699339443e-09,6.17988429476189e-09,0.0,6.17988434363504e-09,6.17988434363504e-09,4.0
0.00026976918174067513,0.0002899388401885761,5.042414611975236e-06,2.983850400343548e-06,0.13172803932324106,2.521207305987618e-06,0.0,0.9912857673609058,0.0003050660840245018,3.0254487671851417e-05,1.260603652993809e-05,2.521207305987618e-06,7.563621917962854e-06,0.0,0.0,0.0,0.0,6.427512204169217e-12,3.3763443491349645e-11,2.7405756889486902e-15,3.422951654397318e-13,9.997462835659007e-10,1.8144170922416612e-10,8.4927602829415e-10,1.1086009774850048e-09,1.8314792366245674e-09,2.574755227959489e-10,1.622712668160048e-09,2.027463847868048e-09,2.490093842986617e-09,2.6000129348716034e-10,2.3009438035487104e-09,2.4388550400548957e-09,3.5217043042409497e-09,0.0,3.52170435971972e-09,3.52170435971972e-09,5.0
0.00033531504901843984,0.0026353279037671456,4.9676303558287385e-06,-9.140701108385823e-09,0.232107560745742,2.4838151779143693e-06,2.4838151779143693e-06,0.9726818941926904,0.0027992597055094943,0.0010059451470553196,0.00030302545170555307,0.00012419075889571847,2.2354336601229325e-05,0.0,0.0,0.0,0.0,1.1965545147449678e-11,5.215539700354854e-11,1.9912325025109233e-13,4.776924855659032e-12,1.1150581542950265e-09,2.2698608287779322e-10,9.138912600787204e-10,1.2883278758010072e-09,1.926351425106035e-09,2.1497871425685174e-10,1.744140780628275e-09,2.100388371832164e-09,2.7508590894265835e-09,2.2642878926632458e-10,2.555145647170796e-09,2.9431126527203102e-09,3.4915444494119845e-09,1.6303734015573857e-10,3.3804603908223325e-09,3.581298039554036e-09,6.0
0.0003128340445260881,0.00020346929725274023,5.086732431318506e-06,3.9489403233305295e-06,0.1163920681272144,2.543366215659253e-06,0.0,0.9931895939473696,0.004875633035418788,0.0017930731820397733,0.000432372256662073,6.104078917582207e-05,7.63009864697776e-06,0.0,0.0,0.0,0.0,3.919659756295295e-12,2.0195482440596378e-11,1.1285913557660313e-15,2.0406631282584322e-13,3.855148035244963e-10,7.813510449580568e-11,3.143421389916976e-10,4.462144607728389e-10,6.580081858664051e-10,7.750744495100664e-11,5.922305527369311e-10,7.197666463721913e-10,9.331013971539607e-10,7.609437102851607e-11,8.717710012687709e-10,9.91456075912939e-10,1.2293675472126498e-09,6.951282851463438e-11,1.1642866394193974e-09,1.2849837202286452e-09,7.0
0.00043236084052592974,0.0006007804702656815,5.027451634022439e-06,1.0954766160893208e-05,0.15052692937426584,2.5137258170112195e-06,0.0,0.9886056304916234,4.021961307217951e-05,3.267843562114585e-05,5.027451634022439e-06,1.0054903268044878e-05,7.541177451033659e-06,0.0,0.0,0.0,0.0,4.074116844587045e-12,2.968128765108776e-11,1.99830498841118e-15,3.376275868300411e-13,3.602348073055249e-09,5.90403784955801e-10,3.1902995138792365e-09,4.12213657590719e-09,5.628501575695703e-09,5.845439130174752e-10,5.147836552758074e-09,6.026624231818899e-09,8.319445314178795e-09,8.277244131045068e-10,7.905583037235544e-09,8.733307455218448e-09,1.085627503654675e-08,5.751322219114872e-10,1.0527461167791799e-08,1.1359328436457706e-08,8.0
0.00028401608074615927,0.0004209524053916289,5.071715727609987e-06,6.914997450582071e-07,0.12055721870315318,2.5358578638049933e-06,2.5358578638049933e-06,0.9927046703701493,0.0017522777838892504,0.00025104992851669435,5.071715727609987e-05,1.5215147182829959e-05,1.5215147182829959e-05,0.0,0.0,0.0,0.0,1.1605268308879328e-11,8.445698959638021e-11,8.914522002921382e-15,1.2312564614234417e-12,2.279056432143139e-09,4.413807945294478e-10,1.9168890391683884e-09,2.5894101601482485e-09,4.033648110257375e-09,4.914254930172239e-10,3.634372963666215e-09,4.361824165863306e-09,5.754782009378091e-09,4.817634941774472e-10,5.430212540685056e-09,6.01032573657381e-09,7.471509601874659e-09,3.6544747239292925e-10,7.2006816850710994e-09,7.79980672704656e-09,9.0
0.0002712760758820144,5.831167986248907e-05,5.070580857607746e-06,-1.0950723795423694e-06,0.1153405027680034,2.535290428803873e-06,2.535290428803873e-06,0.9933217194244998,0.0027964253429706718,0.0007605871286411618,0.0002231055577347408,6.845284157770457e-05,1.2676452144019364e-05,0.0,0.0,0.0,0.0,1.402642584451585e-11,7.394383697066871e-11,1.2167905505910686e-14,1.6994966431454696e-12,1.5914531671442784e-09,3.1733659856991594e-10,1.324352833719026e-09,1.8244992730727705e-09,2.7665314799956026e-09,3.2150218215605787e-10,2.4856309445737197e-09,3.02195387789762e-09,3.925643192901831e-09,3.1184962161228144e-10,3.6445650007246305e-09,4.1640771924498146e-09,5.109568553821892e-09,3.647550735172934e-10,4.767813170426333e-09,5.444850368746787e-09,10.0
0.0002714194302335985,0.0003906410491212539,5.073260378198103e-06,5.034772145464462e-06,0.08403855816485156,2.5366301890990513e-06,0.0,0.9964619005535912,0.0009689927322358375,0.00017249085285873548,7.609890567297153e-05,2.5366301890990512e-05,5.073260378198103e-06,0.0,0.0,0.0,0.0,3.720162985512281e-12,2.7963382514125984e-11,8.297344451258872e-16,8.581170784248587e-14,8.679415788176421e-10,1.662524421357785e-10,7.258834989741543e-10,9.879969281575862e-10,1.5681215727348032e-09,1.8501816592856345e-10,1.4058623533486174e-09,1.7143530405183483e-09,2.3338947140011593e-09,1.7564877988005057e-10,2.2082134506223757e-09,2.481334008113387e-09,2.895852283035105e-09,1.675230401974982e-10,2.7248705954584307e-09,2.994235088189471e-09,11.0
0.00022612658925492155,0.0,5.081496387751046e-06,1.1893351615047673e-05,0.048271674935441065,0.0,0.0,0.9988341744655088,0.0002642378121630544,8.384469039789226e-05,7.622244581626569e-05,5.5896460265261506e-05,1.5244489163253138e-05,0.0,0.0,0.0,0.0,4.92098893987489e-12,6.082580140667412e-11,3.1538918293895552e-18,2.1219196033582806e-14,4.6823679673017655e-09,1.032719624977588e-09,3.724496939914649e-09,5.6876365085497174e-09,7.54123587436268e-09,9.117459903307971e-10,6.882928027188423e-09,7.842236665216724e-09,1.1443832214250427e-08,9.480236568973377e-10,1.0708025459947472e-08,1.2350702662491373e-08,1.4370526664720947e-08,8.983978139895251e-10,1.3518528158658286e-08,1.5168020178912374e-08,12.0
0.00024188575784001568,4.837715156800314e-05,5.092331744000331e-06,-3.6898245644581e-07,0.03806772595227447,2.5461658720001653e-06,0.0,0.9992733504569288,0.0018637934183041208,0.00029026290940801884,1.7823161104001157e-05,1.0184663488000661e-05,5.092331744000331e-06,0.0,0.0,0.0,0.0,3.2739018353381132e-12,4.411955229731347e-11,4.836030975897414e-18,1.4956809157171922e-15,1.5576937390971418e-09,3.0815568268696045e-10,1.2945046325455325e-09,1.7738948873875066e-09,2.7036019278972024e-09,3.018131325764906e-10,2.447841707077383e-09,2.8813241527620084e-09,3.890953167437755e-09,2.2627231224968858e-10,3.780468868704864e-09,3.978450482525591e-09,5.272750002291215e-09,2.7362869573494335e-10,5.010725118027738e-09,5.534319809283359e-09,13.0
0.00027627066844000876,0.00029847099001108093,4.9334047935715854e-06,2.39901385024996e-06,0.1893194089533096,2.4667023967857927e-06,0.0,0.9819152896837269,0.0005920085752285902,9.620139347464591e-05,9.866809587143171e-06,0.0,2.4667023967857927e-06,0.0,0.0,0.0,0.0,8.05240443886581e-12,4.130703079791776e-11,5.218916966506394e-16,8.057805775309168e-13,1.126078331881589e-09,2.1027022242528985e-10,9.507723904290577e-10,1.255531179614298e-09,2.1287052142388558e-09,2.403637079953009e-10,1.9070258051669035e-09,2.302208609054488e-09,2.893191787806701e-09,1.0360024264678094e-10,2.81140246180393e-09,2.9838837046398957e-09,0.0,0.0,0.0,0.0,14.0
0.0003095559914324351,0.0005561940984273834,5.033430754998944e-06,6.305082828724653e-06,0.14588895700288942,2.516715377499472e-06,0.0,0.9893006811720226,0.0003926075988899177,0.00011073547660997679,4.781759217248997e-05,2.2650438397495252e-05,2.516715377499472e-06,0.0,0.0,0.0,0.0,5.302675761215358e-12,4.525302648551811e-11,5.825378044878625e-15,6.107458178839827e-13,2.2273595503729992e-09,4.149660479693155e-10,1.9005127844827813e-09,2.4620000327545345e-09,3.989871451988798e-09,4.1004823511875883e-10,3.636415015850691e-09,4.293104889626846e-09,5.6707448818315806e-09,3.504406367516046e-10,5.360031356360937e-09,5.939271434741579e-09,7.430398298121616e-09,4.719883756320871e-10,7.089890238626912e-09,7.879144636341355e-09,15.0
0.00023855238662888136,0.0011651400778505364,5.02215550797645e-06,4.832606882297545e-06,0.16045786847984758,0.0,0.0,0.9870418881489215,0.0003841948963601984,0.00012555388769941125,6.779909935768207e-05,3.0132933047858698e-05,1.00443110159529e-05,0.0,0.0,0.0,0.0,7.087272883874077e-12,6.488930263360457e-11,6.436371323641977e-15,7.3541641184712e-13,3.3612528469404676e-09,6.816880533540176e-10,2.8075138824491133e-09,3.912661356361218e-09,5.982361257060724e-09,7.29464069809173e-10,5.324180773302588e-09,6.576796284519006e-09,8.405744391538643e-09,5.941740054450007e-10,7.967326264127285e-09,8.890340286093125e-09,1.061718578367002e-08,7.290200108191578e-10,1.0094146973006866e-08,1.09613254843401e-08,16.0
0.0002608949141912849,0.00019757090589242937,5.0659206639084455e-06,9.057194041430455e-07,0.1359895743019583,2.5329603319542228e-06,0.0,0.9907066427959272,0.0025988173005850324,0.0005623171936938374,7.598880995862668e-05,2.0263682655633782e-05,1.5197761991725335e-05,0.0,0.0,0.0,0.0,5.9782656195067715e-12,4.065593837771756e-11,6.246843912997098e-15,3.06687973727346e-13,9.227960259167789e-10,1.904505770920828e-10,7.58808707446372e-10,1.0549799111470783e-09,1.5725601542564746e-09,1.693798932746884e-10,1.4303117776877476e-09,1.674980100672565e-09,2.246973659418566e-09,1.7171439616463401e-10,2.0990190237572196e-09,2.3505091415033345e-09,2.9893438053490374e-09,1.8226288413745409e-10,2.8567368028306526e-09,3.0913532291483772e-09,17.0
0.00030767379121368756,0.0,5.002825873393294e-06,-9.097233506905077e-07,0.20968844365740652,2.501412936696647e-06,2.501412936696647e-06,0.9777572915218588,0.004467523504940211,0.0011131287568300079,0.00034519498526413726,0.00015258618913849547,2.2512716430269822e-05,0.0,0.0,0.0,0.0,1.4215841145157664e-11,5.637323772981431e-11,1.8403063292141345e-14,2.100557001824862e-12,9.66359103193213e-10,1.9721069553354135e-10,7.950963723709891e-10,1.120164811521857e-09,1.660614632203212e-09,1.855216929368754e-10,1.5026940590060135e-09,1.793734214294253e-09,2.3730341712530332e-09,1.9242249089011665e-10,2.2128434283065294e-09,2.5245925065515834e-09,3.054572641963513e-09,1.8758459317729153e-10,2.874259500752994e-09,3.227533041533913e-09,18.0
0.00022484608201016099,0.000656853722726313,5.052720944048562e-06,6.7956971921308894e-06,0.12235416402060793,2.526360472024281e-06,0.0,0.9924857641556827,0.0009827542236174453,0.00012631802360121405,4.294812802441277e-05,2.7789965192267088e-05,5.052720944048562e-06,0.0,0.0,0.0,0.0,5.958620755746555e-12,5.529835993084565e-11,9.506797617121887e-17,1.3731072549328216e-13,2.1432922231919468e-09,4.003160402017048e-10,1.8054240256428895e-09,2.4238197218098112e-09,3.773247451444195e-09,3.8651849932897724e-10,3.5001409307153876e-09,3.999432234850236e-09,5.371996822509951e-09,4.736580784205047e-10,5.0092462773366304e-09,5.734280784537345e-09,6.821539849370049e-09,4.101021248625333e-10,6.43922924956987e-09,7.09281691510086e-09,19.0
0.0003261650398552615,0.000586591389507137,5.056822323337388e-06,4.643960303286143e-06,0.10880764593125057,0.0,0.0,0.9940625470881786,0.00030593775056191193,5.815345671837996e-05,2.528411161668694e-05,2.2755700455018245e-05,2.528411161668694e-06,0.0,0.0,0.0,0.0,5.6925356848934245e-12,4.090598594503646e-11,3.7666838357441446e-16,2.0783299384225669e-13,1.8224094868649647e-09,3.712098730536352e-10,1.5288456204138501e-09,2.038351723042268e-09,3.1322723579333762e-09,3.216432293337332e-10,2.859138663145278e-09,3.3209995999655474e-09,4.857554952751768e-09,3.654576365243925e-10,4.659447787406744e-09,5.156395184998011e-09,6.100418467811585e-09,3.150193230565052e-10,5.894074471763528e-09,6.281418826084535e-09,20.0
0.00025972775696362895,0.000189122153128856,5.043257416769494e-06,4.234158309631181e-06,0.13467766768612094,2.521628708384747e-06,2.521628708384747e-06,0.9908891307320365,0.0007337939541399613,0.00011347329187731361,2.7737915792232215e-05,2.521628708384747e-05,2.0173029667077976e-05,0.0,0.0,0.0,0.0,6.532288751259779e-12,4.2986257546037654e-11,3.10489915205198e-15,2.348838948371845e-13,1.3537306732154706e-09,2.546688906651545e-10,1.1393076059872556e-09,1.535635139993779e-09,2.3833615022322403e-09,2.7682344138756834e-10,2.1261501853414474e-09,2.6273610259474752e-09,3.40832237574623e-09,2.710847439893134e-10,3.1998799009304945e-09,3.6342008750127394e-09,4.497859638853244e-09,1.8196798988772348e-10,4.429668431757699e-09,4.662090979941661e-09,21.0
0.0003245445234053345,0.00044530527630034264,5.031698037292008e-06,7.255476106615069e-06,0.155159956526955,2.515849018646004e-06,0.0,0.9878883707556517,0.0012528928112857099,0.0002742275430324144,6.79279235034421e-05,3.522188626104405e-05,1.7610943130522026e-05,0.0,0.0,0.0,0.0,2.6362223307921404e-12,1.6105813812475887e-11,6.825967894873164e-16,1.8041555008476694e-13,4.6519789322285507e-10,9.481335032082819e-11,3.8113983290660044e-10,5.442313443389972e-10,7.730753194155027e-10,8.582754018206162e-11,7.036523772705437e-10,8.380992449715729e-10,1.1381792788843701e-09,9.462223888182478e-11,1.0388146368953058e-09,1.2208312193525615e-09,1.4479407992485915e-09,1.0450513536856604e-10,1.351320720136112e-09,1.5335918182446557e-09,22.0
0.00040097975387966094,0.00017682958090345298,4.981114955026844e-06,2.329920589629826e-06,0.21551042908671392,2.490557477513422e-06,2.490557477513422e-06,0.9764977757834625,0.0026524437135517945,0.0003387158169418254,7.96978392804295e-05,1.2452787387567111e-05,7.471672432540266e-06,0.0,0.0,0.0,0.0,3.507968388147241e-12,1.5004131901434202e-11,1.716367515187883e-15,2.927580633854124e-13,2.4446366783653285e-10,4.8907938918818286e-11,2.0356383332084242e-10,2.760084755730619e-10,4.3786891991917355e-10,5.218883994401591e-11,3.9312719850923613e-10,4.85661944069769e-10,6.148166279637849e-10,3.9914219566717684e-11,5.79617689976286e-10,6.435930222975235e-10,8.203295608465635e-10,5.054924369263189e-11,7.693277552635228e-10,8.618267205331329e-10,23.0
0.00030977150399491706,2.518467512153797e-06,5.036935024307594e-06,3.219126518784337e-06,0.14676369427076252,2.518467512153797e-06,2.518467512153797e-06,0.9891709293461104,0.0010602748226167485,0.0002568836862396873,6.548015531599873e-05,1.0073870048615188e-05,2.518467512153797e-06,0.0,0.0,0.0,0.0,4.697281651434221e-12,3.4835729733407705e-11,4.98406219689533e-16,8.875794696566659e-14,1.215112874839527e-09,2.4732365911757685e-10,1.0050604577016123e-09,1.4249799986269199e-09,2.0810242368502275e-09,2.4900891683800967e-10,1.870406803523261e-09,2.2094789270421065e-09,2.899296065923626e-09,2.2030207675436172e-10,2.758884965822909e-09,3.0436775808898333e-09,3.864171339179989e-09,3.0404696185963613e-10,3.710936482811559e-09,3.9143490674474096e-09,24.0
0.00039703230245190013,0.0008335212312344239,4.932078291327952e-06,8.02093276014576e-06,0.2440096413851591,2.466039145663976e-06,0.0,0.9697723600715042,0.00010110760497222301,3.4524548039295663e-05,2.2194352310975784e-05,1.2330195728319881e-05,2.466039145663976e-06,0.0,0.0,0.0,0.0,3.108000922102368e-12,1.5422067767993947e-11,2.2785154172050696e-15,7.118671963235483e-13,7.906627285627482e-10,1.6073199264391573e-10,6.498660481875292e-10,8.753575473164461e-10,1.4249448152144965e-09,1.5840856454204553e-10,1.3166192103107924e-09,1.5596471372879028e-09,2.1013464805683132e-09,1.7997752932568093e-10,1.9997039773963795e-09,2.2449363563267567e-09,2.6197392276840307e-09,1.041544209970823e-10,2.5679750158728897e-09,2.6811357823157388e-09,25.0
0.0002568683683537019,0.00011222404442637461,4.987735307838872e-06,3.077460954041782e-06,0.19980368869671736,2.493867653919436e-06,2.493867653919436e-06,0.9798356134896385,0.000720727751982717,0.00023192969181450753,5.486508838622759e-05,3.9901882462710974e-05,7.481602961758308e-06,0.0,0.0,0.0,0.0,3.387803991163943e-12,1.3766767180653161e-11,9.090508564941127e-16,7.523390519669559e-13,3.556328344811375e-10,7.259571680048971e-11,2.92992795281268e-10,4.0181674342419037e-10,6.254241756306845e-10,7.020610777771003e-11,5.620668877984179e-10,6.742456251735564e-10,8.966262228960242e-10,7.037578305127975e-11,8.247724241559754e-10,9.649031598084348e-10,1.1850429647415153e-09,7.344745739580343e-11,1.1333997511782902e-09,1.23982101083164e-09,26.0
0.00035300819770849186,0.0027055733195000494,4.9371775903285575e-06,-2.459554572070986e-06,0.24943855480737454,2.4685887951642787e-06,0.0,0.9683854183334287,0.00145399880035176,0.0006615817971040267,0.0002641390010825778,0.00014564673891469243,3.702883192746418e-05,0.0,0.0,0.0,0.0,4.6969718044739765e-12,2.0757102963956486e-11,1.23630550408707e-13,2.515605562640669e-12,6.452904440938918e-10,1.305608471850122e-10,5.278743739929919e-10,7.544181191347461e-10,1.1160475131404933e-09,1.3245995723102e-10,1.0029694003775719e-09,1.2300762337615845e-09,1.5508395639150186e-09,1.2292703997238848e-10,1.4489459932094008e-09,1.6527626706716184e-09,1.9748744921557362e-09,1.22819883469968e-10,1.8681485394017976e-09,2.0310496984669786e-09,27.0
0.00028268760047723374,2.523996432832444e-06,5.047992865664888e-06,1.1373022846019464e-06,0.12339818560117818,2.523996432832444e-06,0.0,0.9923571535002992,0.00029025958977573103,5.3003925089481324e-05,2.2715967895491994e-05,1.0095985731329777e-05,7.571989298497332e-06,0.0,0.0,0.0,0.0,1.056479787675694e-11,5.7410668897424367e-11,2.185388657732735e-15,7.82647980541704e-13,1.9761939260424643e-09,3.9098925861435447e-10,1.666614586839226e-09,2.166125291245887e-09,3.819714736792021e-09,4.254832539439445e-10,3.566798173645238e-09,4.192637404041065e-09,5.095793067308798e-09,3.8075743139500967e-10,4.808289190122215e-09,5.301656384604374e-09,6.8338662288876605e-09,4.254960506058589e-10,6.702186832011035e-09,7.143671254003917e-09,28.0
0.00038308731886109004,0.0,5.074004223325696e-06,2.0543947222152907e-06,0.08937858439388213,2.537002111662848e-06,0.0,0.9959965850134941,0.0014257951867545206,0.00028414423650623897,8.625807179653683e-05,5.83510485682455e-05,5.074004223325696e-06,0.0,0.0,0.0,0.0,8.747218967510264e-12,6.214351154488582e-11,8.716783545457191e-16,2.168614532368288e-13,1.6682688083964013e-09,3.235922853006535e-10,1.382729619914168e-09,1.8690482378515045e-09,3.038447428938711e-09,3.6054544621845885e-10,2.7337734961091612e-09,3.3204402827213388e-09,4.217029011526047e-09,2.6912848210794006e-10,4.029704421241963e-09,4.373346632001123e-09,5.4448992174385566e-09,4.18892283363199e-10,5.06216877203789e-09,5.792543276853233e-09,29.0
0.0004363788736392798,0.000104020545460526,5.0741729492939514e-06,1.2782963376849907e-06,0.08909740281665249,2.5370864746469757e-06,2.5370864746469757e-06,0.996022093649283,0.0011695968648122558,0.0002562457339393445,7.864968071405625e-05,2.283377827182278e-05,1.2685432373234878e-05,0.0,0.0,0.0,0.0,3.1369138462029696e-12,2.164975045914273e-11,2.93751447715439e-15,9.206260811167958e-14,5.813161797362159e-10,1.1463372873173931e-10,4.859288230379835e-10,6.589384309624493e-10,1.0197723182974777e-09,1.3070975645181657e-10,9.055736897364853e-10,1.1448779975654187e-09,1.4833704510343312e-09,1.322822299633704e-10,1.356222380575163e-09,1.610497827752458e-09,1.863308537832672e-09,1.2666114996816914e-10,1.7556893185316568e-09,1.9192982332543725e-09,30.0
0.0003104492818938394,0.0,5.04795580315186e-06,1.7930706481404563e-06,0.14517416094284433,2.52397790157593e-06,0.0,0.9894043853735677,0.0017768804427094546,0.000396264530547421,0.00010600707186618906,5.300353593309453e-05,2.019182321260744e-05,0.0,0.0,0.0,0.0,2.659532425542498e-12,1.2305186061232705e-11,2.5730608479942487e-16,2.2214265072112445e-13,2.735560949882719e-10,5.258231683303422e-11,2.2960286133055104e-10,3.115375210095991e-10,4.804985322854444e-10,5.534285961139116e-11,4.327889635099303e-10,5.161873082914798e-10,6.807185058804434e-10,5.494486363200326e-11,6.346979899926495e-10,7.260415082183358e-10,8.980217967442479e-10,5.0699356123099435e-11,8.531323293446855e-10,9.334041792066193e-10,31.0
0.0003004356824236984,0.0005109974427548374,5.135652691003391e-06,-1.6921293964926e-06,0.14832535319521445,2.5678263455016955e-06,0.0,0.9889341213113405,0.002840015938124875,0.0006419565863754239,0.00024137567647715936,7.189913767404748e-05,2.5678263455016955e-05,0.0,0.0,0.0,0.0,4.903879401145235e-12,2.479503390521819e-11,6.529046543450708e-16,6.265851858932997e-13,5.03950890732302e-10,1.0117990742222259e-10,4.180011820461697e-10,5.800058866095268e-10,8.839073275626582e-10,1.0415662416367658e-10,7.90161737377564e-10,9.722582947141823e-10,1.2696295616692041e-09,1.1244440951727424e-10,1.168015889382873e-09,1.376774567799076e-09,1.6088312819004628e-09,8.763454641491076e-11,1.5383417352613927e-09,1.6732314799430875e-09,32.0
0.000407532155123323,0.00030881318586984725,5.0625112437679875e-06,3.4565982781536242e-06,0.10362201139306505,2.5312556218839937e-06,0.0,0.9946163965293652,0.0006100326048740425,0.0002480630509446314,7.846892427840381e-05,3.290632308449192e-05,1.0125022487535975e-05,0.0,0.0,0.0,0.0,1.0305739963907009e-11,6.84728920461034e-11,2.1384467120302563e-15,3.1325989432697636e-13,2.1940450385689165e-09,4.469200872908797e-10,1.8063056841118883e-09,2.552205799008478e-09,3.8699833108048165e-09,4.705341962999917e-10,3.3977005306819513e-09,4.210554045288486e-09,5.351023253299201e-09,4.1753026045397774e-10,5.013094161747281e-09,5.537726373521855e-09,6.91443708811987e-09,3.9943332682343644e-10,6.575110601644727e-09,7.25134938311102e-09,33.0
0.0002966364663392417,0.00020282835305247298,5.070708826311824e-06,2.8332678661903975e-06,0.08768016167017091,2.535354413155912e-06,0.0,0.9961483549921973,0.0006718689194863168,0.00022564654277087618,0.00010141417652623649,4.563637943680642e-05,1.5212126478935473e-05,0.0,0.0,0.0,0.0,7.218180889011661e-12,5.150779375246349e-11,1.7070034926908159e-15,2.1617783272256277e-13,1.672537202912112e-09,3.238000506934411e-10,1.3908809339228756e-09,1.8768154128098566e-09,2.9769751216114744e-09,3.476329906621659e-10,2.6572522913970267e-09,3.2505521732599184e-09,4.309906265933473e-09,3.493062485142164e-10,3.9460433329380234e-09,4.622731626890105e-09,5.276543602627418e-09,3.706790833887676e-10,5.027663940797491e-09,5.3733839887313544e-09,34.0
0.0003086224320094002,0.0008380479048060136,5.018250926982117e-06,7.450023226938277e-07,0.13168141344947426,2.5091254634910584e-06,0.0,0.9912902333632665,0.001668568433221554,0.00030109505561892703,7.27646384412407e-05,3.0109505561892703e-05,2.5091254634910584e-06,0.0,0.0,0.0,0.0,1.0104900614099e-11,6.222180259612035e-11,1.9614893821305202e-14,8.60817134107874e-13,1.565096615533017e-09,3.0506111732842154e-10,1.300734994766283e-09,1.7862617714246776e-09,2.760110021740966e-09,3.060118500577929e-10,2.4984355022157908e-09,3.0073758984422435e-09,3.784212841527945e-09,2.746274202110185e-10,3.5512773100919543e-09,4.035750771812448e-09,4.9717977308886825e-09,2.2282082930244338e-10,4.755384168960777e-09,5.153638209286635e-09,35.0
0.00038331474801778833,0.00012438690498590483,5.077016530036931e-06,3.641323249862803e-06,0.07330958018546826,2.5385082650184655e-06,0.0,0.9973088190943347,0.0007666294960355767,0.0002589278430318835,8.377077274560937e-05,2.284657438516619e-05,7.615524795055397e-06,0.0,0.0,0.0,0.0,6.508966195759463e-12,5.070684982722322e-11,8.915949998733853e-16,8.502254686246347e-14,1.6683665251618842e-09,3.355456833435718e-10,1.3594418501167048e-09,1.9542085591978617e-09,2.770704346765572e-09,3.0256450817910045e-10,2.518894492027814e-09,2.981096756030824e-09,3.984051642500171e-09,3.4127385262866856e-10,3.7252954508352516e-09,4.2974792751081685e-09,5.1189742638952896e-09,3.671118051533325e-10,4.741105146799577e-09,5.382498867290789e-09,36.0
0.00024144830368181666,0.0002598193702663027,5.248876166996014e-06,1.2068673509939743e-06,0.09293397697474792,2.624438083498007e-06,0.0,0.9956698178698079,0.002138917038050876,0.0004094123410256891,0.0001443440945923904,1.837106658448605e-05,1.0497752333992028e-05,0.0,0.0,0.0,0.0,1.0663590576488268e-11,6.357352469452625e-11,1.1287288915589015e-15,4.074099883831362e-13,1.4251913908226835e-09,2.891366794088698e-10,1.1719029423494594e-09,1.631266359629847e-09,2.5154388712389345e-09,2.910918332923141e-10,2.292469583011321e-09,2.715887739754518e-09,3.6097560677912655e-09,3.1430953891649074e-10,3.339575381486903e-09,3.876394836054454e-09,4.5496686488019245e-09,2.7844975757781925e-10,4.31139005324661e-09,4.717583905442968e-09,37.0
0.0004337052346697036,0.0007312471979896165,5.043084124066321e-06,7.915847027053538e-06,0.13229018274250773,0.0,0.0,0.9912106199590492,0.0002471111220792497,0.0001084263086674259,0.0001210340189775917,5.295238330269636e-05,3.5301588868464244e-05,0.0,0.0,0.0,0.0,5.984825871081371e-12,5.3120920652580596e-11,2.7154978116861646e-15,4.272052232570485e-13,3.6337282011939623e-09,7.293647407632056e-10,3.018874127432376e-09,3.9729984908023e-09,6.578537322376834e-09,8.091608304727915e-10,5.7683972237127825e-09,7.402860611451036e-09,9.379663681626724e-09,7.435316466074296e-10,8.858863803244083e-09,1.0097430037410119e-08,1.1813364043615865e-08,9.292502293631043e-10,1.1036183811673387e-08,1.2793428445933219e-08,38.0
0.00029047400160885854,0.0009707293558039633,4.965367548869377e-06,5.455407134319343e-06,0.21775619385566652,0.0,0.0,0.9760025761408625,0.00042702160920276644,4.7170991714259084e-05,4.965367548869377e-06,7.448051323304066e-06,2.4826837744346886e-06,0.0,0.0,0.0,0.0,2.312195893497239e-12,1.4779855944237775e-11,7.160014208816502e-15,3.150538451107703e-13,5.164359370489489e-10,9.983027866079672e-11,4.366502289538004e-10,5.715475737272075e-10,9.733479168613728e-10,1.031214732332138e-10,8.913865422913565e-10,1.027664881397903e-09,1.2610171561297392e-09,3.032466648231927e-11,1.2458548146648432e-09,1.2761794816165504e-09,1.8672789755141588e-09,4.604237856650372e-11,1.8409115361203309e-09,1.8970014689254966e-09,39.0
0.0002812869167231664,0.0011125902152532385,5.022980655770828e-06,6.697967469059075e-07,0.16329458962878174,2.511490327885414e-06,0.0,0.9865761880515878,0.000964412285907999,0.0002310571101654581,4.018384524616662e-05,7.534470983656242e-06,2.511490327885414e-06,0.0,0.0,0.0,0.0,1.8000653349965488e-11,1.0810458967349976e-10,5.180672964737138e-14,2.2920748732686107e-12,3.100715343244169e-09,6.279454151908622e-10,2.5579758118841525e-09,3.5155811811128886e-09,5.55711562848935e-09,6.834943573438057e-10,4.965001280635767e-09,6.120163766821615e-09,7.638878659567095e-09,5.408617484127306e-10,7.234908493393801e-09,7.917892730066856e-09,9.468735443522439e-09,1.2205555930178634e-10,9.397790903150506e-09,9.546772240415538e-09,40.0
0.00023500361650596438,0.00019668780946694844,5.108774271868791e-06,1.3574279486803019e-05,0.16045382794371904,2.5543871359343956e-06,0.0,0.9870432875835456,0.00015070884102012932,2.5543871359343955e-05,2.5543871359343956e-06,2.5543871359343956e-06,5.108774271868791e-06,0.0,0.0,0.0,0.0,9.80823610346259e-13,9.175207883435327e-12,2.550071180434747e-17,2.7861814938841e-14,4.343191495635199e-10,8.301809279529503e-11,3.6639496263712126e-10,4.909415755849711e-10,7.692583605151018e-10,7.990580196500122e-11,7.151045998139834e-10,8.470549401985665e-10,1.0534594988030341e-09,0.0,1.053459504582009e-09,1.053459504582009e-09,1.3253335479310173e-09,0.0,1.3253334874695419e-09,1.3253334874695419e-09,41.0
0.0004315794151837843,0.0018342125145310833,5.018365292834701e-06,6.786248978319687e-07,0.1780666556856537,2.5091826464173505e-06,0.0,0.9840136125322603,0.002398778609974987,0.00040899677136602814,6.272956616043376e-05,2.0073461171338804e-05,1.0036730585669402e-05,0.0,0.0,0.0,0.0,1.125743539723821e-11,4.9445928138473844e-11,4.1562930268256156e-14,2.2806798463104904e-12,1.048677005758288e-09,2.1627188467514096e-10,8.668441292609477e-10,1.220612037022347e-09,1.790066858355769e-09,2.1381784131737863e-10,1.5967724526474886e-09,1.92050307574459e-09,2.5884798437555487e-09,1.8976444009142492e-10,2.458262035921712e-09,2.6840510512742787e-09,3.267587868744023e-09,8.638378151916891e-11,3.209323227444692e-09,3.315371835287015e-09,42.0
0.00043010016711537177,0.0008551991694968439,5.001164733899672e-06,3.666922277524139e-06,0.18422290413792833,2.500582366949836e-06,2.500582366949836e-06,0.9828839063180365,0.00045760657315182,0.00014753435965004033,2.2505241302548525e-05,1.2502911834749181e-05,7.501747100849508e-06,0.0,0.0,0.0,0.0,5.463899001253159e-12,3.321377023892764e-11,5.539820789234099e-15,9.86121028763102e-13,1.2817395825720968e-09,2.6001135470180134e-10,1.0509377821846662e-09,1.4675814242793485e-09,2.330232568754627e-09,2.595797291794422e-10,2.1027698423116144e-09,2.5428487627379852e-09,3.2107425079406187e-09,2.7969776451955835e-10,2.919913837669845e-09,3.3079672945962727e-09,4.088835259181599e-09,3.2269810397733543e-10,3.8534366667462955e-09,4.3143615495124565e-09,43.0
0.000295868071344462,5.0575738691361026e-06,5.0575738691361026e-06,8.851108088963345e-06,0.12522300021287533,2.5287869345680513e-06,2.5287869345680513e-06,0.9921265643998872,0.0019522235134865355,0.00040966348340002427,0.00011632419899013036,1.2643934672840255e-05,7.586360803704153e-06,0.0,0.0,0.0,0.0,1.9360873240570567e-12,1.0926072557603458e-11,1.6433059571947991e-16,6.029174781421894e-14,2.630628366178001e-10,5.2923894375192875e-11,2.1610892233873119e-10,3.007005206865554e-10,4.5347456531419965e-10,5.1310169223193746e-11,4.088901595551145e-10,4.870580262403684e-10,6.436794493544995e-10,4.80343862145151e-11,5.977093504827082e-10,6.814488704919087e-10,8.170567736174095e-10,3.500849850550382e-11,7.914528965229032e-10,8.309559255814372e-10,44.0
0.00023476157918410936,0.00027981683175479704,4.742658165335543e-06,9.408907304408428e-06,0.1434488101978215,2.3713290826677714e-06,0.0,0.9896575933478158,0.00037229866597884013,0.00011382379596805304,3.794126532268434e-05,1.422797449600663e-05,7.113987248003315e-06,0.0,0.0,0.0,0.0,1.7041084558104488e-12,1.2833087589708965e-11,1.6828972189210624e-15,1.2638632820368218e-13,5.632840163595805e-10,1.1207425782680974e-10,4.724119645881584e-10,6.474951630905405e-10,9.822046008941541e-10,1.2291501163315924e-10,8.746012387676994e-10,1.0886221677897331e-09,1.4431877969837984e-09,1.1813596305172107e-10,1.3558789083861466e-09,1.5487201566463036e-09,1.953827193183485e-09,5.619535821777496e-11,1.9321716820484644e-09,1.9840538381284593e-09,45.0
0.00027904486514113695,0.00136532666158342,4.982944020377445e-06,7.112944349867935e-06,0.20216551332274352,0.0,0.0,0.9793503092369933,0.0003263828333347227,0.00012955654452981356,0.00010464182442792635,1.993177608150978e-05,1.744030407132106e-05,0.0,0.0,0.0,0.0,7.79924792257455e-12,7.269760290969241e-11,1.4647290530730665e-14,9.818836638523203e-13,3.3490257136188363e-09,7.369075597386585e-10,2.7265414021753217e-09,3.966640141792151e-09,6.05070271901278e-09,7.510496531628917e-10,5.417767007358767e-09,6.73295069981031e-09,8.512208300451757e-09,7.141535438228873e-10,7.853705281140872e-09,9.203793631065517e-09,1.1062839566080807e-08,7.568832853864279e-10,1.0381091280513807e-08,1.1793498664959589e-08,46.0
0.00029231788803469894,0.001726424449845957,4.996886974952119e-06,1.7201988095124056e-05,0.18590917990309358,2.4984434874760596e-06,0.0,0.9825653687631973,7.245486113680572e-05,3.247976533718877e-05,1.7489104412332416e-05,0.0,2.4984434874760596e-06,0.0,0.0,0.0,0.0,1.2699473318440386e-12,1.1978673621525287e-11,4.329345975245184e-15,1.6362480174544834e-13,1.158958302220148e-09,2.538924917832848e-10,9.355024595714864e-10,1.3556749209325756e-09,2.015969990033648e-09,2.2053345922332258e-10,1.7639423102246498e-09,2.1483383299585846e-09,2.760602414329086e-09,2.2000461369032848e-10,2.5794640335202305e-09,2.8878707266129696e-09,0.0,0.0,0.0,0.0,47.0
0.0002554324333316556,0.0,5.160251178417285e-06,1.3770075663465413e-06,0.051517367639728966,2.5801255892086425e-06,0.0,0.9986685708102756,0.0025440038309597216,0.0006811531555510817,0.0002064100471366914,4.644226060575557e-05,2.3221130302877785e-05,0.0,0.0,0.0,0.0,2.1454128712982653e-12,1.3516330023722603e-11,3.329383237142781e-20,6.891123281466621e-17,3.0548016143577136e-10,6.099525516176537e-11,2.5449491278521444e-10,3.504036785648993e-10,5.34460889214301e-10,5.891781544110224e-11,4.866129040190212e-10,5.817441391647566e-10,7.657433986334755e-10,5.829785512415042e-11,7.144490302830113e-10,8.126821654411663e-10,9.790530112107815e-10,5.7916399036539464e-11,9.245560351083122e-10,1.0162597545612533e-09,48.0
0.0003220630887840653,0.0006441261775681306,4.993226182698687e-06,2.0685060883133673e-06,0.1940217897811229,2.4966130913493436e-06,0.0,0.9809966785969889,0.0007140313441259122,0.00016976969021175535,6.24153272837336e-05,1.997290473079475e-05,7.489839274048031e-06,0.0,0.0,0.0,0.0,3.835268819202929e-12,2.2827382342658103e-11,5.362439425318893e-15,5.10358865602885e-13,8.184699625568089e-10,1.6141584804518407e-10,6.781590660967169e-10,9.493111506279691e-10,1.392687428376568e-09,1.542580208630891e-10,1.275002148890692e-09,1.4969610624250774e-09,1.94288428059279e-09,1.5975286405148862e-10,1.8144252001480662e-09,2.0008317746428004e-09,2.5242590867550912e-09,1.5652041419727352e-10,2.4240315516219155e-09,2.5774054890476017e-09,49.0
0.0003405014121902439,0.0,5.0444653657813915e-06,1.543866719935647e-05,0.12766280724451257,2.5222326828906957e-06,0.0,0.9918175578931082,0.00014124503024187895,5.296688634070461e-05,2.0177861463125566e-05,5.0444653657813915e-06,1.0088930731562783e-05,0.0,0.0,0.0,0.0,2.0196952242302366e-12,1.7413355719879802e-11,1.6127810493768273e-17,1.3633983212026773e-14,1.770166280560011e-09,3.5469810151381615e-10,1.4598096567136934e-09,2.0905494286914533e-09,3.0265238499355684e-09,2.724433267049799e-10,2.847039826985708e-09,3.0971109716067614e-09,4.233741087840616e-09,3.048525134294463e-10,3.984715855548489e-09,4.579644312031915e-09,5.295600290667794e-09,2.8055574510585294e-10,5.155322099394821e-09,5.435877843935212e-09,50.0
0.0003194051403968073,0.003035586838189812,4.952017680570655e-06,-1.1394464845961586e-08,0.3141337175758398,2.4760088402853277e-06,0.0,0.949373593621763,0.0006759504133978945,9.904035361141311e-05,5.694820332656254e-05,1.980807072228262e-05,4.952017680570655e-06,0.0,0.0,0.0,0.0,1.6729568460868563e-11,6.639768060476007e-11,2.9128320191563663e-13,9.401666449640191e-12,1.654579537072933e-09,3.2120906139748563e-10,1.3865365954249985e-09,1.8636449371344434e-09,3.0892238748942613e-09,3.651528701334551e-10,2.770718298271215e-09,3.3544553746257783e-09,4.402545265146912e-09,3.48099854447758e-10,4.064278540504417e-09,4.701453137014157e-09,5.467930519774057e-09,2.771225008478382e-10,5.238229998955346e-09,5.75677173843071e-09,51.0
0.00023941490512837798,0.0008266114619169261,5.040313792176378e-06,2.5882864619701244e-06,0.14421849853554272,2.520156896088189e-06,0.0,0.9895446455628197,0.0012575582911480065,0.00029989867063449455,7.308454998655748e-05,3.780235344132284e-05,1.7641098272617324e-05,0.0,0.0,0.0,0.0,4.628940265510146e-12,2.942191694487633e-11,6.020757363639539e-15,3.6683876867941684e-13,8.263673595199709e-10,1.634282432665612e-10,6.827430231114784e-10,9.470984559065813e-10,1.4414417154820641e-09,1.6550128652692987e-10,1.3035511052974516e-09,1.5313674687937694e-09,2.135765681245615e-09,1.7053824851043448e-10,1.96906697188781e-09,2.2669002961843414e-09,2.727033803515483e-09,1.5788132753513312e-10,2.599023271261394e-09,2.8790598689729418e-09,52.0
0.00028963520009837114,0.0022700468247026182,4.951029061510618e-06,5.023502985603864e-06,0.23094570160322425,0.0,2.475514530755309e-06,0.9729638535954127,0.00037627820867480694,0.00018318807527589284,8.911852310719112e-05,4.703477608435087e-05,1.2377572653776544e-05,0.0,0.0,0.0,0.0,5.292153973642887e-12,3.9409639289884154e-11,5.1175129491025816e-14,1.1352327212286168e-12,2.0336208290312078e-09,4.086146667430888e-10,1.6564547100138423e-09,2.4278028491023944e-09,3.466242181520515e-09,4.1999582004309103e-10,3.0740088492453746e-09,3.826216309770407e-09,4.620063661012568e-09,3.357647547842607e-10,4.321937690501e-09,4.848665847292463e-09,6.083823025475528e-09,3.5300319826033775e-10,5.796083019935766e-09,6.345756330783365e-09,53.0
0.00038205399344374175,0.0006376000420385624,5.060317793956844e-06,5.835629040526491e-06,0.1070206610243933,0.0,2.530158896978422e-06,0.9942563004744347,0.0006426603598325192,0.0001037365147761153,8.602540249726636e-05,5.313333683654686e-05,2.2771430072805798e-05,0.0,0.0,0.0,0.0,2.722735616024692e-12,2.0311827186828516e-11,1.950776983223292e-15,2.1124183994569172e-13,6.259324673010361e-10,1.2253049458032865e-10,5.277944744220467e-10,7.039481971779983e-10,1.194968694850761e-09,1.4310917003554484e-10,1.087217777491414e-09,1.3369155081301349e-09,1.673959957669946e-09,1.3588335249563656e-10,1.5584093737151666e-09,1.769729434144248e-09,2.193225480160386e-09,1.4895576253848555e-10,2.0564650408545386e-09,2.329226936013713e-09,54.0
0.0003806255838347006,0.0007310027769010806,5.041398461386763e-06,4.176843744768045e-06,0.13766294708585763,2.5206992306933814e-06,2.5206992306933814e-06,0.9904785143101958,0.0007234406792090005,0.00012603496153466907,8.06623753821882e-05,2.016559384554705e-05,1.5124195384160287e-05,0.0,0.0,0.0,0.0,3.802008964283133e-12,2.1945565441707333e-11,2.644107353331556e-15,3.9293986455823414e-13,7.007570076599599e-10,1.4329939441113804e-10,5.771956051043515e-10,8.134126898874082e-10,1.1931244825955133e-09,1.362846211844168e-10,1.0728729113704203e-09,1.3098465418098529e-09,1.690135892137758e-09,1.3978096461444775e-10,1.5508107901072873e-09,1.8199485785621545e-09,2.136429471980867e-09,6.719367190407887e-11,2.0840941927529822e-09,2.1857158996255073e-09,55.0
0.00020244317443442666,3.542755552602467e-05,5.061079360860666e-06,2.355952646312696e-06,0.10548048549937758,2.530539680430333e-06,0.0,0.9944211171393472,0.0006554097772314563,0.000189790476032275,3.0366476165164e-05,1.2652698402151666e-05,5.061079360860666e-06,0.0,0.0,0.0,0.0,3.203376778332978e-12,2.1939743601775464e-11,2.0552965891602716e-16,9.141936199413253e-14,8.629147901886477e-10,1.7523149678345836e-10,6.988045004772526e-10,1.0136560410208438e-09,1.4748668503261696e-09,1.6026467045434675e-10,1.3528615601082405e-09,1.5810085358076324e-09,2.136409390473149e-09,2.1301045508593567e-10,1.9557118093376724e-09,2.348463617007679e-09,2.6602956330840794e-09,9.315891833656896e-11,2.578619536878696e-09,2.728655169143511e-09,56.0
0.00022558352018272915,0.0006792852068423754,5.069292588375936e-06,1.2259785622069724e-05,0.08595745977479656,0.0,0.0,0.996298488149053,0.0002686725071839246,0.00020277170353503744,9.631655917914279e-05,4.815827958957139e-05,1.5207877765127808e-05,0.0,0.0,0.0,0.0,2.8335287436230603e-12,3.938282212054122e-11,2.2974143138524726e-18,3.972039155859022e-15,2.963136614553215e-09,5.526245972766395e-10,2.520529005882143e-09,3.3904760311670323e-09,5.215008136505656e-09,5.671895620092466e-10,4.748103855738124e-09,5.620700477030397e-09,7.377636029762884e-09,6.54210762140788e-10,6.785581589207259e-09,8.002111307781209e-09,9.338596311410823e-09,5.525502814472941e-10,8.952626839489332e-09,9.78729723588933e-09,57.0
0.00038133112695862433,0.0006288175537264733,5.050743403425488e-06,1.4349876395606142e-06,0.1563508127964394,2.525371701712744e-06,0.0,0.987700651628573,0.0011313665223673093,0.00015152230210276464,4.545669063082939e-05,1.5152230210276464e-05,2.525371701712744e-06,0.0,0.0,0.0,0.0,7.343786969472742e-12,3.842357337287833e-11,1.5689727430433769e-15,6.891018646482628e-13,9.222733215805993e-10,1.8700579480919005e-10,7.628846965289984e-10,1.0432346756465444e-09,1.6307600390668553e-09,1.912312467404958e-10,1.4634222977367152e-09,1.780326814471064e-09,2.34645830899939e-09,1.686694244350921e-10,2.2190628118924353e-09,2.5013648424968225e-09,3.1033030156497054e-09,2.0821828576065166e-10,2.94781114654308e-09,3.1979159127352438e-09,58.0
0.0002831644674860884,0.0006270070351477671,5.056508347965864e-06,3.200711504215541e-06,0.16955483792399134,0.0,0.0,0.9855185335268948,0.0019492839681408405,0.00030844700922591766,9.101715026338554e-05,2.2754287565846385e-05,2.528254173982932e-06,0.0,0.0,0.0,0.0,6.967597980300343e-12,4.35941810711529e-11,1.6936413584339663e-15,3.5381803385048553e-13,1.0223204586294757e-09,2.0080386736710315e-10,8.51024045999682e-10,1.162873990515917e-09,1.7764272302656274e-09,1.958177355023243e-10,1.606616439564836e-09,1.8586891631217301e-09,2.6007144442601176e-09,1.9977936821072178e-10,2.4513124070221002e-09,2.7248121742770194e-09,3.375028944727913e-09,2.17528410310234e-10,3.2386034701489602e-09,3.5082963684262592e-09,59.0
0.0003586270559350349,0.0013868584750494706,5.0157630200704185e-06,4.760834147125662e-06,0.173013729614309,0.0,0.0,0.9849177975546176,0.0010282314191144358,0.0002206935728830984,0.0001354256015419013,5.51733932207746e-05,4.5141867180633766e-05,0.0,0.0,0.0,0.0,5.009822851925749e-12,3.451268288207342e-11,2.0442040491963776e-15,8.055872581900571e-13,1.1310182970592443e-09,2.2032684536988595e-10,9.398771369436482e-10,1.2831670532485266e-09,2.005020846670433e-09,2.185142238508778e-10,1.8109267080806675e-09,2.1571112934817202e-09,2.8578275341232573e-09,2.4254093250013994e-10,2.6523880883016763e-09,3.0423125477604995e-09,3.786651044366615e-09,2.5523100103203134e-10,3.5742718412737897e-09,4.005103254352909e-09,60.0
0.0002776801636321827,0.0017107081509482684,4.958574350574691e-06,-1.6865604786854055e-07,0.22912084501700478,0.0,2.4792871752873456e-06,0.97339541717674,0.0013834422438103388,0.00027520087645689536,8.181647678448241e-05,9.917148701149383e-06,9.917148701149383e-06,0.0,0.0,0.0,0.0,4.9937400640115325e-12,2.6329162051040258e-11,2.8138701741691672e-14,1.7149131321805844e-12,8.215391272761336e-10,1.5958306276100467e-10,6.8232616793542e-10,9.34933090164053e-10,1.4031544611121264e-09,1.6985742715836948e-10,1.252421669548899e-09,1.5223082040723195e-09,1.9875111427778346e-09,1.6037281489782072e-10,1.8637183166859896e-09,2.1099199019364625e-09,2.6795984553987937e-09,1.5610772196304566e-10,2.621594553876221e-09,2.7766780338117493e-09,61.0
0.0003114262581771715,2.5319207981883864e-05,5.063841596376772e-06,1.157002093747751e-05,0.09440773080205037,2.531920798188386e-06,0.0,0.9955335344020861,0.0002455963174242735,6.329801995470965e-05,1.0127683192753545e-05,0.0,5.063841596376772e-06,0.0,0.0,0.0,0.0,1.7633928008346273e-12,2.0126337169710612e-11,1.5487336898641422e-16,1.3948080783044534e-14,1.3751823984864437e-09,2.545394414715946e-10,1.1706793391208622e-09,1.586994839067017e-09,2.3742973348575675e-09,2.477862415525674e-10,2.199232834898205e-09,2.539995714539281e-09,3.4826590834447636e-09,4.250441278208209e-10,3.083716213788828e-09,3.879340433511985e-09,0.0,0.0,0.0,0.0,62.0
0.00032784323622113946,0.00044220715583316486,5.082840871645573e-06,-2.26437188072128e-06,0.06558389576684283,2.5414204358227867e-06,0.0,0.9978455299784081,0.0016570061241564567,2.287278392240508e-05,3.049704522987344e-05,2.0331363486582293e-05,1.7789943050759505e-05,0.0,0.0,0.0,0.0,4.5512110422155036e-12,5.407167798551708e-11,3.7661426319201825e-15,2.2607488495982826e-13,1.7682049587577086e-09,2.680278311453228e-10,1.5478456331753842e-09,1.93868874680699e-09,3.798470518891633e-09,3.904743572404172e-10,3.3735048069813567e-09,4.1366639677800716e-09,4.908058493302515e-09,3.3825891749270247e-10,4.637730123816213e-09,5.186137326714972e-09,6.429790652927127e-09,2.9647298434372175e-10,6.271278713176741e-09,6.590096861097434e-09,63.0
0.00038363073809729236,0.002070589745359558,5.0812018291032105e-06,-4.869926133586299e-07,0.2689454722135184,2.5406009145516052e-06,2.5406009145516052e-06,0.9631519691101718,0.0014633861267817246,0.00020070747224957682,3.0487210974619263e-05,1.0162403658206421e-05,2.5406009145516052e-06,0.0,0.0,0.0,0.0,2.0607902665419955e-11,8.212639811141108e-11,1.1270678388293466e-13,8.290650578551584e-12,1.8544765772843233e-09,3.5907212098081583e-10,1.5428047774150667e-09,2.1073687528424593e-09,3.2018865588575908e-09,3.292093388989751e-10,2.942643839588687e-09,3.3560321844858685e-09,4.714557040600426e-09,2.585437439491612e-10,4.5583203864685616e-09,4.876959862737984e-09,5.98355162900615e-09,3.714824991402359e-10,5.724344413712991e-09,6.146577015610522e-09,64.0
0.0002663984704275441,0.001558555537267688,4.979410662197086e-06,4.418940332496602e-06,0.20732772174190006,0.0,0.0,0.9782699569272261,0.0007618498313161541,0.00015685143585920822,4.232499062867523e-05,1.2448526655492715e-05,9.958821324394172e-06,0.0,0.0,0.0,0.0,6.786941463014757e-12,4.52124612422914e-11,1.639447877502088e-14,8.601214001570946e-13,1.6575243118252522e-09,3.402943686836409e-10,1.3655215671839432e-09,1.88612201025246e-09,2.9402040663520367e-09,3.4587708474166983e-10,2.622338482230355e-09,3.226357043401966e-09,4.0069708482436934e-09,2.453963494821092e-10,3.823497994835238e-09,4.125109107930713e-09,5.241778050723048e-09,2.1850558744638137e-10,5.0536968515883765e-09,5.424661712883061e-09,65.0
0.0003816413670419839,2.527426271801218e-05,5.054852543602436e-06,7.21222865847756e-06,0.11620095027233279,2.527426271801218e-06,0.0,0.9932254488661708,0.0006040548789604911,0.00017944726529788647,5.5603377979626794e-05,1.5164557630807307e-05,1.0109705087204872e-05,0.0,0.0,0.0,0.0,1.7029033925692014e-12,1.0391352119457194e-11,8.679418471554229e-17,5.5191597709293263e-14,3.37103490942769e-10,6.945176826968853e-11,2.7607663996653575e-10,3.8698990122939113e-10,6.017585605469834e-10,7.330737221187891e-11,5.325263708775334e-10,6.535293329323783e-10,8.170320679733893e-10,6.365668817445351e-11,7.644298319194135e-10,8.449402259729936e-10,1.118565825279964e-09,6.535925097105832e-11,1.0728281858826081e-09,1.1621406332999409e-09,66.0
0.0003401623556827469,7.05521922897549e-05,5.0394423064110654e-06,1.0517316417898723e-05,0.13518807931178323,2.5197211532055327e-06,0.0,0.9908198701903987,0.0002166960191756758,1.5118326919233195e-05,5.0394423064110654e-06,0.0,2.5197211532055327e-06,0.0,0.0,0.0,0.0,1.290644614664555e-12,1.1051882495295907e-11,1.3194724690903223e-16,3.866876434022019e-14,5.550087483487005e-10,1.0736003196310832e-10,4.704651848201699e-10,6.025096344767947e-10,9.836825836434634e-10,9.329278908488674e-11,9.271990131262384e-10,9.862915991029876e-10,1.3914610769366153e-09,6.909273200200098e-11,1.3569146029733223e-09,1.4260073350893437e-09,0.0,0.0,0.0,0.0,67.0
0.000690927936425405,0.00024537627648752705,1.2914540867764581e-05,5.892190226072541e-06,0.11048389712372599,6.4572704338822905e-06,0.0,0.9938772361014266,0.0007942442633675217,0.00034869260342964366,0.00018726084258258643,0.00010977359737599894,0.00010331632694211665,0.0,0.0,0.0,0.0,2.0883107034707112e-11,1.545237987659717e-10,8.894533741925821e-15,9.360856413037846e-13,6.152505543478375e-09,1.3647982181272581e-09,4.838262853887678e-09,7.301170247041656e-09,1.0417681634286536e-08,1.1573870757195158e-09,9.539404826701572e-09,1.1279539324991053e-08,1.514207768307809e-08,1.083065313625026e-09,1.423092509261732e-08,1.595823027251333e-08,1.9447002341487172e-08,1.0556860349764348e-09,1.8691633956927728e-08,2.0300592029217753e-08,68.0
0.00029816871815825565,0.0002569584075184967,4.848271839971636e-06,1.476977685791151e-06,0.10699166296449407,0.0,0.0,0.9942593475821834,0.0007732993584754759,0.0004920995917571211,0.0003587721161579011,9.938957271941854e-05,9.696543679943273e-06,0.0,0.0,0.0,0.0,1.4247805538726406e-11,1.096034391253664e-10,1.5301445890400967e-15,5.595393361847685e-13,4.5042682870790654e-09,9.187939358774929e-10,3.6583993166843466e-09,5.286591071236172e-09,7.772347492106993e-09,9.005092119429422e-10,6.928928853082121e-09,8.533410882116917e-09,1.076970453068993e-08,9.04990954431812e-10,9.955867420185292e-09,1.155369360742519e-08,1.3906138125619928e-08,9.29364138142999e-10,1.3131619998855585e-08,1.455132784499764e-08,69.0
0.0003573698218062695,0.0005235883435766274,5.540617392345264e-06,3.4033245691245524e-05,0.07070935916111025,0.0,2.770308696172632e-06,0.9974967413047909,0.0001745294478588758,5.263586522728e-05,3.324370435407158e-05,1.3851543480863158e-05,5.540617392345264e-06,0.0,0.0,0.0,0.0,2.722280131337957e-12,3.3916695445632804e-11,4.248215817461702e-18,9.657452173248089e-15,2.3824960352133822e-09,4.976845167068913e-10,1.966434669621995e-09,2.8285441270137955e-09,3.972847619377682e-09,3.989031762780724e-10,3.6620997565523966e-09,4.127758169941072e-09,5.6037928970071326e-09,3.379536700597522e-10,5.441286497221547e-09,5.773453715465347e-09,7.17184718067781e-09,3.8304338061717974e-10,6.839243124297118e-09,7.357292860114105e-09,70.0
0.0003426180494850647,0.0003248526691413947,5.075822955334292e-06,3.0472921790900508e-06,0.08278413449002464,2.537911477667146e-06,0.0,0.9965667757585136,0.001045619528798864,0.0003096252002753918,0.0001700400690036988,6.59856984193458e-05,5.583405250867721e-05,0.0,0.0,0.0,0.0,5.30768223348445e-12,5.12201446697472e-11,2.1792406956969028e-15,1.976207431019724e-13,1.829706137763964e-09,3.718601447010081e-10,1.4922832581257673e-09,2.133441654840268e-09,3.213208861499583e-09,3.734544353121639e-10,2.9324554696704437e-09,3.5313547702504183e-09,4.651419185734517e-09,3.8157209744817087e-10,4.333779058856711e-09,5.014964561222843e-09,5.8637531043367445e-09,4.180900041838643e-10,5.493764854672511e-09,6.330270244897464e-09,71.0
0.0003122239835979201,0.0,5.076812741429595e-06,1.8784127555180634e-06,0.06530304229300889,2.5384063707147977e-06,0.0,0.997865313172582,0.00047975880406509673,3.8076095560721966e-05,1.5230438224288786e-05,2.5384063707147977e-06,7.615219112144393e-06,0.0,0.0,0.0,0.0,5.0568329448856994e-12,4.646446502366505e-11,2.6797721960028343e-17,6.853457319422416e-14,1.5270661811639131e-09,2.8598648228487406e-10,1.2929011782751099e-09,1.6645661511704614e-09,2.8363662873937603e-09,3.2458353498505787e-10,2.5574282832566813e-09,3.0119131623395193e-09,4.070794066994277e-09,3.6834027939467507e-10,3.8455911900218374e-09,4.306650266605771e-09,5.388871982454057e-09,0.0,5.388872085273304e-09,5.388872085273304e-09,72.0
0.00024853494206593786,0.0004493712588868977,5.020907920523997e-06,7.702908137537656e-06,0.15976026912315305,0.0,0.0,0.9871556853463025,0.00021087813266200788,2.5104539602619984e-05,2.0083631682095988e-05,0.0,2.5104539602619985e-06,0.0,0.0,0.0,0.0,1.0648524027850204e-12,9.510375833836962e-12,3.34679736093998e-16,5.42563885596837e-14,4.796581034951469e-10,8.665629164022067e-11,4.105773595376425e-10,5.244632244093329e-10,8.843845788570274e-10,9.83737752488485e-11,8.073351894870869e-10,9.704830059136313e-10,1.2642000957211637e-09,9.644799597411569e-11,1.1835232416532849e-09,1.3398062732038755e-09,0.0,0.0,0.0,0.0,73.0
0.000326197651443635,0.002558839354657848,4.832557799164963e-06,2.754898266260156e-06,0.31211074545906914,0.0,0.0,0.9500422028534384,0.00018122091746868612,7.97372036862219e-05,3.624418349373723e-05,2.6579067895407298e-05,7.2488366987474455e-06,0.0,0.0,0.0,0.0,6.683949352487454e-12,5.02627498621862e-11,1.1357988919206532e-13,2.335087589227615e-12,3.199063619100031e-09,6.409208293233548e-10,2.624521225744253e-09,3.696716865221447e-09,5.173996854651385e-09,6.034713092633498e-10,4.728745007939634e-09,5.677714689102284e-09,7.52874013787031e-09,5.324111080822626e-10,7.077996385300766e-09,7.873229924410354e-09,9.831581267070423e-09,4.916082278398391e-10,9.444578155741019e-09,1.0092834996811363e-08,74.0
0.00031089261300539173,0.00029572711968805555,5.0551644391120605e-06,9.323276224684202e-06,0.1296851885209808,2.5275822195560303e-06,2.5275822195560303e-06,0.9915528116562937,0.002115586317768397,0.0003134201952249477,0.00011879636431913342,2.7803404415116332e-05,2.274823997600427e-05,0.0,0.0,0.0,0.0,4.487929745321958e-12,2.56362048684246e-11,4.101001227767109e-16,1.9344858291568135e-13,6.262734537580491e-10,1.2416355878324968e-10,5.198675946612602e-10,7.188222710058816e-10,1.0706332007320768e-09,1.1734176602760113e-10,9.736957712139198e-10,1.1475661363177436e-09,1.5550742344076473e-09,1.272033656499276e-10,1.4576576872965413e-09,1.6646923022267879e-09,2.048406720987705e-09,1.1479215087383722e-10,1.9568316116101522e-09,2.0837917973909438e-09,75.0
0.00025971878640136496,9.444319505504181e-05,5.246844169724545e-06,6.984168162479718e-07,0.08089059656464331,2.6234220848622726e-06,0.0,0.9967167527017232,0.0034917747949516848,0.0003856430464747541,8.919635088531727e-05,2.6234220848622725e-05,2.6234220848622726e-06,0.0,0.0,0.0,0.0,6.006418257118395e-12,3.903179583957578e-11,2.299286698034246e-16,1.208491448275275e-13,7.727885267775088e-10,1.5050722035913696e-10,6.439235102636838e-10,8.78659653540342e-10,1.3648034388370456e-09,1.630936649641224e-10,1.2324468111184895e-09,1.4744977461064902e-09,1.88941335062229e-09,1.4228458654379978e-10,1.7557137467961242e-09,2.0135925658885525e-09,2.5258900726445137e-09,1.2795344295154292e-10,2.453792324060973e-09,2.620248348495224e-09,76.0
0.00036351351030364763,0.0,5.084105039211855e-06,2.349603448983194e-06,0.06563579605622505,2.5420525196059276e-06,2.5420525196059276e-06,0.9978420437309931,0.0017387639234104544,0.00020082214904886827,4.5756945352906695e-05,1.016821007842371e-05,5.084105039211855e-06,0.0,0.0,0.0,0.0,3.8713311839219205e-12,2.969278509029466e-11,3.29367528635264e-17,2.705824657686137e-15,7.644961629715812e-10,1.4272764412809398e-10,6.440156543766341e-10,8.563634040864201e-10,1.3583430946962815e-09,1.6230893487372984e-10,1.2276713805059784e-09,1.4872799899548525e-09,1.9778260159886038e-09,1.654182057402455e-10,1.819015042969596e-09,2.102712483840517e-09,2.5208454464611148e-09,1.437377210706018e-10,2.4347385138252397e-09,2.6026755798142373e-09,77.0
0.00025708164264698753,0.0,4.991876556252185e-06,4.744361683591004e-06,0.19560917879502,2.4959382781260925e-06,2.4959382781260925e-06,0.9806816047968011,0.0007313099154909451,0.00018220349430320476,6.239845695315231e-05,2.4959382781260925e-05,2.2463444503134833e-05,0.0,0.0,0.0,0.0,3.586938607659272e-12,2.3247674549967747e-11,1.1667623707542093e-18,8.536945808960115e-14,8.608749950056336e-10,1.5568373826829916e-10,7.407454227750368e-10,9.62041891552045e-10,1.510887932723556e-09,1.756748935084931e-10,1.3647510879399352e-09,1.6433417621968362e-09,2.1026449721672977e-09,1.702571200282146e-10,1.954689623916478e-09,2.125279877840746e-09,2.8262712165471807e-09,1.7396008407388936e-10,2.666048927030061e-09,2.9237072656992544e-09,78.0
0.000343212889719165,3.559244782272822e-05,5.084635403246889e-06,1.5335204391723354e-06,0.08664472958902861,2.5423177016234446e-06,0.0,0.9962351568758645,0.0027558723885598136,0.0006610026024220956,0.00022118164004123966,5.338867173409233e-05,2.0338541612987556e-05,0.0,0.0,0.0,0.0,4.54773349711184e-12,2.541236453904944e-11,3.191713368730442e-16,1.3819488306548172e-13,5.435078898741241e-10,1.0852585551760633e-10,4.4836564087653035e-10,6.219591585622384e-10,9.60863051728336e-10,1.0850385684253417e-10,8.740604756620058e-10,1.0374131048819687e-09,1.3624834788258992e-09,1.2336122759108183e-10,1.2339869985209914e-09,1.4672065425359367e-09,1.746366841745015e-09,1.0745399149374255e-10,1.6460783045263696e-09,1.8089389663682035e-09,79.0
0.0002257669977121105,9.63948978995528e-05,5.073415678923832e-06,1.4207883221803712e-06,0.09946177767746225,2.536707839461916e-06,0.0,0.9950388702759733,0.0021866421576161713,0.00038050617591928735,0.00012176197629417196,1.0146831357847663e-05,2.536707839461916e-06,0.0,0.0,0.0,0.0,8.43361701367654e-12,4.857560613423635e-11,2.7346334895193015e-15,3.508059456057595e-13,1.0902901188131828e-09,2.124707674703357e-10,9.144164407360753e-10,1.2413005157606118e-09,1.9511448559734528e-09,2.184945353742355e-10,1.763889307128726e-09,2.1280473429621694e-09,2.666532234282249e-09,1.751209661532151e-10,2.541560373482342e-09,2.7698311183309743e-09,3.4313217440937834e-09,1.4531338068561785e-10,3.319737973159936e-09,3.484519811985941e-09,80.0
0.0003631762254369442,0.0,5.0793877683488705e-06,3.820043616183425e-06,0.07672923162867804,2.5396938841744353e-06,0.0,0.997050802906389,0.0014476255139794282,0.00029206479668006006,8.63495920619308e-05,3.301602049426766e-05,5.0793877683488705e-06,0.0,0.0,0.0,0.0,1.6852515405042487e-12,1.0398930514201606e-11,1.2165924782137912e-19,1.0315677038490202e-14,2.5424032296100723e-10,5.178605227413748e-11,2.1056657185214758e-10,2.9014102675479947e-10,4.4612516738796544e-10,4.7765813363856944e-11,4.044733345459415e-10,4.840994420488963e-10,6.434983664894411e-10,5.1138189062754004e-11,5.938716165838358e-10,6.883747447389199e-10,8.228888058991206e-10,5.196509815327789e-11,7.849149283817749e-10,8.425354482264106e-10,81.0
0.00036233697576829174,6.334562513431673e-05,5.0676500107453385e-06,6.066220190344714e-07,0.10611912505001277,2.5338250053726693e-06,0.0,0.994351480683402,0.0019105040540509928,0.00027618692558562094,4.814267510208072e-05,1.0135300021490677e-05,1.0135300021490677e-05,0.0,0.0,0.0,0.0,4.577132148987755e-12,2.3385828932611817e-11,6.840191144223632e-17,1.073044709489072e-13,4.678661756805536e-10,9.03875684451559e-11,3.9230958756972836e-10,5.339238944141291e-10,8.449292862915703e-10,9.341474944967468e-11,7.664957173632447e-10,9.076774510432573e-10,1.1823326131829933e-09,1.0049299466983325e-10,1.0941214533973966e-09,1.2579093775019524e-09,1.5196303809246923e-09,6.977990886465985e-11,1.4703814768607297e-09,1.5535709553037726e-09,82.0
0.00029513151072416545,0.0004918858512069423,5.044983089301973e-06,1.1073351194624762e-06,0.13375511415511857,2.5224915446509866e-06,0.0,0.9910137756385777,0.000958546786967375,0.00012864706877720031,3.78373731697648e-05,5.044983089301973e-06,5.044983089301973e-06,0.0,0.0,0.0,0.0,6.438529507157939e-12,4.0369576306862694e-11,5.683743099676355e-15,5.270611264342148e-13,1.1863766593354942e-09,2.338346004278725e-10,9.770615585296179e-10,1.3589826990655089e-09,2.0848594415863978e-09,2.569000991502107e-10,1.8773629900673467e-09,2.3159119825537248e-09,2.9886585765669765e-09,2.3668515461036305e-10,2.784105835611955e-09,3.129532995996877e-09,3.787159581255109e-09,1.124277659790291e-10,3.730945883647414e-09,3.84337365928857e-09,83.0
0.0003079581297531188,0.0007461099403774748,5.007449264278354e-06,3.7091916398414724e-06,0.17842042473550204,2.503724632139177e-06,0.0,0.9839537655321681,0.0006935317231025521,7.511173896417531e-05,3.25484202178093e-05,5.007449264278354e-06,7.511173896417531e-06,0.0,0.0,0.0,0.0,2.4543702107005965e-12,1.3433346436424773e-11,1.795545996092875e-15,4.2285361000193664e-13,3.89431933156545e-10,7.572930768193875e-11,3.2857650141277913e-10,4.297736535864628e-10,7.255323283708493e-10,8.938357026128035e-11,6.595063288003485e-10,8.09195717094817e-10,1.058421221036755e-09,7.694743731603953e-11,1.0148239387044923e-09,1.0910247514499813e-09,1.3213858668410609e-09,7.106573247726156e-11,1.2858529186863241e-09,1.3569186522102608e-09,84.0
0.00028298974116234074,0.0007251612117284982,5.053388235041799e-06,6.449430621463137e-06,0.11920184838228348,2.5266941175208995e-06,0.0,0.9928695068680725,0.0006468336940853503,0.00017686858822646298,7.074743529058518e-05,3.0320329410250794e-05,7.580082352562698e-06,0.0,0.0,0.0,0.0,2.3793349162276694e-12,1.757516125579305e-11,1.756525512679401e-16,1.429383161731995e-13,8.353829365477006e-10,1.7808172987310832e-10,6.781691664266966e-10,9.891859609511282e-10,1.395085352676225e-09,1.6849674100523395e-10,1.2638171639285566e-09,1.5099837202336725e-09,1.990069590584988e-09,1.8966311029711823e-10,1.8046486127710172e-09,2.1801584420767053e-09,2.6073828308168704e-09,1.5054717674180075e-10,2.5076336561754652e-09,2.7531193014698332e-09,85.0
0.00029715500018175897,0.0006857423081117514,5.0795726526796405e-06,1.1553269298577326e-06,0.0770164805599287,2.5397863263398203e-06,0.0,0.9970286794132651,0.0012216372229694535,0.00043430346180410925,0.0001625463248857485,8.88925214218937e-05,1.523871795803892e-05,0.0,0.0,0.0,0.0,7.925322212159598e-12,5.2754341167438853e-11,2.7866731480898792e-15,2.9556582987072196e-13,1.5329592782688524e-09,3.0214461360275963e-10,1.273293724645995e-09,1.7361496535846978e-09,2.7541389587316154e-09,3.2186285429601715e-10,2.4932493127906256e-09,3.0129790005995353e-09,3.912230981794679e-09,3.5125531889134593e-10,3.5663478822422607e-09,4.1944795212572555e-09,5.041778600314643e-09,3.035615502350793e-10,4.729287568143725e-09,5.249699958080891e-09,86.0
0.0003621469792717475,0.00030389956302524264,5.064992717087378e-06,6.455778984907653e-06,0.10077309509917046,2.532496358543689e-06,0.0,0.9949089219283979,0.0008635812582633978,0.00021272969411766985,7.344239439776697e-05,1.7727474509805822e-05,7.597489075631066e-06,0.0,0.0,0.0,0.0,5.53141042217908e-12,4.124065474539153e-11,3.207588239926392e-16,1.057950160153254e-13,1.2887197792101103e-09,2.542828183937639e-10,1.0832280658352623e-09,1.4857902220290844e-09,2.279193920140244e-09,2.8619609658091584e-10,2.003569015213966e-09,2.5485814173101096e-09,3.1941186297023027e-09,2.460214860476678e-10,2.9867982391576444e-09,3.361737622220445e-09,4.211898526244709e-09,2.4426107185395334e-10,4.05253506853766e-09,4.430318298618489e-09,87.0
0.0002602428908846114,0.0006518705422158227,5.05326001717692e-06,4.788786205778552e-07,0.1298586759214125,2.52663000858846e-06,0.0,0.9915304675303865,0.001867179576346872,0.00026529615090178834,7.832553026624226e-05,2.273967007729614e-05,1.2633150042942302e-05,0.0,0.0,0.0,0.0,1.1141770044237838e-11,6.087709843337196e-11,7.271498817317466e-15,7.555445600946775e-13,1.1767524833358887e-09,2.2449481567549744e-10,9.913001315939967e-10,1.309040797564933e-09,2.247546416724306e-09,2.517807622989671e-10,2.031428789382344e-09,2.4672812261538816e-09,3.081544408843712e-09,2.8394962859769476e-10,2.805176589322219e-09,3.36527457620211e-09,3.997245909219342e-09,2.8557000695480273e-10,3.785206769606229e-09,4.043543860150527e-09,88.0
0.0002595986631096559,0.0005595233321392583,5.0407507399933175e-06,5.836793545060391e-06,0.1339050230325525,2.5203753699966587e-06,0.0,0.9909939528550963,0.00021171153107971935,6.300938424991648e-05,2.520375369996659e-05,1.2601876849983295e-05,1.0081501479986635e-05,0.0,0.0,0.0,0.0,5.760668996416404e-12,3.916557721246805e-11,1.4564021354330755e-15,3.2391103144435823e-13,1.7791100382647747e-09,3.8786381697301315e-10,1.4583712985084058e-09,1.9805663168960156e-09,3.123809942019684e-09,3.2316842761933735e-10,2.8363596151274362e-09,3.402522681910041e-09,4.643723569083854e-09,3.572222525972639e-10,4.304336947121709e-09,4.8569678570627085e-09,5.938379907642258e-09,2.805306830025225e-10,5.667902606608822e-09,6.041516037801115e-09,89.0
0.0003833024805359397,0.0,5.076854046833638e-06,7.002321486597046e-06,0.05991449303370718,2.538427023416819e-06,0.0,0.9982034274073597,0.00014976719438159232,3.046112428100183e-05,2.538427023416819e-05,2.538427023416819e-06,5.076854046833638e-06,0.0,0.0,0.0,0.0,2.82717284348778e-12,2.4285090718196333e-11,2.93003169025498e-17,1.3061061473140583e-14,1.2648231498657889e-09,2.374547443998541e-10,1.0657774502349208e-09,1.4874804335834384e-09,2.214459766867843e-09,2.845066977103952e-10,1.9645308190937516e-09,2.4236270897522064e-09,3.2128561147289823e-09,2.6304835871064346e-10,3.074540512321798e-09,3.423702921538742e-09,4.525594765394408e-09,0.0,4.52559475789606e-09,4.52559475789606e-09,90.0
0.00040856827775804036,7.359304381977126e-05,5.075382332398017e-06,8.255091753450015e-06,0.07158319241614164,2.5376911661990085e-06,2.5376911661990085e-06,0.997434437492188,0.0004390205717524285,0.00013449763180854745,6.851766148737323e-05,3.552767632678612e-05,1.5226146997194051e-05,0.0,0.0,0.0,0.0,2.1699020628670867e-12,1.680108279830168e-11,1.124657135306333e-16,2.7025330146419192e-14,6.466418760226469e-10,1.2640754850143998e-10,5.427410138818244e-10,7.267606970712708e-10,1.1324266653090276e-09,1.3036699129426667e-10,1.0211020261183459e-09,1.252185972828598e-09,1.6000731547235307e-09,1.3382607244447157e-10,1.4876803362905059e-09,1.6867392038173064e-09,2.06969447540357e-09,1.3751748429632427e-10,1.9671045502543446e-09,2.1944273529985225e-09,91.0
0.00029052319808707755,0.0010652517263192844,4.966208514309018e-06,-3.947165391691988e-07,0.23080950691102592,2.483104257154509e-06,0.0,0.9729944707489657,0.002609742574269389,0.000819424404860988,0.0001663679852293521,3.9729668114472145e-05,2.73141468286996e-05,0.0,0.0,0.0,0.0,1.6299168353985654e-11,1.0167999061911313e-10,9.788893133336216e-14,3.940258318171408e-12,3.425050488892866e-09,6.431083093841125e-10,2.8957189386949863e-09,3.944316557416894e-09,5.394906531889715e-09,6.045016251699385e-10,4.87608568834474e-09,5.8294308180959495e-09,7.858024034567962e-09,6.109478134835968e-10,7.337002245038644e-09,8.265953074535223e-09,1.0187205873340402e-08,6.606778115281202e-10,9.569427531726943e-09,1.0608430582234564e-08,92.0
0.0001790854240677111,0.0005650019012840463,5.04465983289327e-06,3.004555262475683e-06,0.13023798290580557,2.522329916446635e-06,0.0,0.9914824882166763,0.0004161844362136948,0.00013116115565522504,3.783494874669953e-05,1.2611649582233176e-05,5.04465983289327e-06,0.0,0.0,0.0,0.0,1.2487958811091492e-11,8.275130342120416e-11,2.8129163780832938e-14,8.674770345384244e-13,3.3627881531490604e-09,6.792005648142619e-10,2.7903653075375786e-09,3.83113588672679e-09,5.922787049033893e-09,7.531858738263637e-10,5.210291933517348e-09,6.455553378923277e-09,8.490952996955189e-09,6.35855157568999e-10,8.16440071706375e-09,8.85884219074217e-09,1.0931783659238523e-08,7.452594016173317e-10,1.0574889088482779e-08,1.1351325114195948e-08,93.0
0.00040743700076132267,1.5183987606012024e-05,5.061329202004008e-06,5.423669231035521e-07,0.11974092626101082,2.530664601002004e-06,0.0,0.9928024989544951,0.0022548221594927854,0.00023535180789318637,5.061329202004008e-05,1.0122658404008016e-05,1.0122658404008016e-05,0.0,0.0,0.0,0.0,5.973134490539453e-12,2.784189870594366e-11,1.807751799933531e-15,5.100531706789495e-13,5.118223856630196e-10,1.012809680223557e-10,4.27740757939603e-10,5.738437996233231e-10,9.004881058264718e-10,9.786357372915018e-11,8.190279942933739e-10,9.555673010153545e-10,1.2859934055029626e-09,6.928342195380842e-11,1.2385426302644652e-09,1.352808733473566e-09,1.751268239587266e-09,9.375709971040864e-11,1.6596756591934585e-09,1.8420914181879857e-09,94.0
0.00032938152900331143,0.0003881084682829716,5.106690372144363e-06,2.3589607844061936e-06,0.140681659717019,2.5533451860721816e-06,2.5533451860721816e-06,0.9900544892091163,0.000689403200239489,0.00016341409190861962,0.00010468715262895945,8.170704595430981e-05,1.532007111643309e-05,0.0,0.0,0.0,0.0,9.802854926610116e-12,5.770834860465151e-11,5.665860169907963e-15,1.2072926414610585e-12,1.9834539372123426e-09,3.8349934828723715e-10,1.6508232439898532e-09,2.1961994120639227e-09,3.5382158738845343e-09,4.35710533653819e-10,3.1723116585184096e-09,3.935613856340996e-09,5.127921437366554e-09,3.4262504108026765e-10,4.863536584437344e-09,5.325665262849077e-09,6.418853186594265e-09,4.028915453733218e-10,6.094097969808793e-09,6.726609043448756e-09,95.0
0.0003412134767840321,0.0012283685164225155,5.05501447087455e-06,-1.3053579770229139e-06,0.1283847300240364,2.527507235437275e-06,0.0,0.9917180139685235,0.0033186170001291418,0.00031846591166509664,3.538510129612185e-05,1.7692550648060924e-05,1.7692550648060924e-05,0.0,0.0,0.0,0.0,1.4254174036348676e-11,8.233953838651722e-11,3.8890171585487483e-14,1.7513391501112873e-12,1.5468726945471568e-09,2.9673613326975596e-10,1.3012163868911817e-09,1.7432314831446532e-09,2.679424068826126e-09,2.869881444644109e-10,2.4509444516502e-09,2.8305460845116505e-09,4.011164850920068e-09,3.272522597925748e-10,3.722422863811815e-09,4.282819179401468e-09,5.1720923972808576e-09,3.849729930784007e-10,4.816626151802148e-09,5.520541541193862e-09,96.0
0.00042805375694809965,0.0017097263431589795,4.977369266838368e-06,3.504912741045332e-07,0.20776285925173374,2.488684633419184e-06,0.0,0.9781774951654103,0.0005126690344843519,0.00010452475460360573,4.479632340154531e-05,7.466053900257552e-06,4.977369266838368e-06,0.0,0.0,0.0,0.0,1.3198159587555983e-11,5.824334099996776e-11,5.1226226457374766e-14,3.40082493665674e-12,1.6031509870779752e-09,3.1598390782027897e-10,1.3402724105928024e-09,1.8132092776048422e-09,2.83188021721081e-09,3.118089900266403e-10,2.6112747700377444e-09,2.9549903752284595e-09,4.001940772719033e-09,3.190625102592038e-10,3.773313559922733e-09,4.0334677553664614e-09,5.318037342516293e-09,7.828631359974246e-11,5.275725950573351e-09,5.370105760592197e-09,97.0
0.0002912179912778525,0.0027479030971858903,4.978085320988931e-06,2.5568840045433175e-07,0.22602249687152096,2.4890426604944656e-06,0.0,0.9741092465684537,0.004119365603118341,0.0006272387504446053,8.213840779631736e-05,2.7379469265439122e-05,2.7379469265439122e-05,0.0,0.0,0.0,0.0,4.5231946047721456e-12,1.7982127778712038e-11,5.460552393309365e-14,1.692703722299625e-12,3.23513643373314e-10,6.335694562185868e-11,2.704367434961751e-10,3.669369595690032e-10,5.625513692069871e-10,6.519201721373483e-11,5.088518198093623e-10,6.029900171037139e-10,8.158353547218398e-10,7.550942510607291e-11,7.416236588330275e-10,8.994437115221584e-10,1.0561278318510946e-09,7.248572861497626e-11,9.833877128541906e-10,1.1108737397244833e-09,98.0
0.00029071873825696736,0.002541925378092971,4.969551081315681e-06,6.281395741143724e-08,0.22470819124385116,2.4847755406578406e-06,2.4847755406578406e-06,0.9744196369222161,0.0024375648053853415,0.0003205360447448614,9.19366950043401e-05,2.9817306487894088e-05,1.4908653243947044e-05,0.0,0.0,0.0,0.0,4.7171677085775375e-12,1.9402879188212586e-11,3.6320836500637887e-14,2.1430946504910167e-12,4.533174552387797e-10,8.801437742239006e-11,3.7923690940017464e-10,5.142437255829085e-10,7.90429884874967e-10,8.904289062283241e-11,7.169279975598303e-10,8.532570122154119e-10,1.1582907906329097e-09,1.035398016510392e-10,1.0567305824794175e-09,1.242377994297069e-09,1.5064320952883499e-09,9.878250009640652e-11,1.4173783945053225e-09,1.590203478654698e-09,99.0
0.0004090595828877384,2.5407427508555176e-06,5.081485501711035e-06,1.3126202585756063e-06,0.08957896716691299,2.5407427508555176e-06,0.0,0.9959762398208647,0.0025000908668418296,0.0007139487129904005,9.908896728336519e-05,3.0488913010266213e-05,7.622228252566553e-06,0.0,0.0,0.0,0.0,2.040017641224154e-12,1.3196843974048385e-11,1.7323151619103586e-16,5.428791651774766e-14,3.526956440730496e-10,6.936007935587615e-11,2.935372315715539e-10,4.069475557417718e-10,5.963733014518106e-10,6.553130452673168e-11,5.449779413533594e-10,6.399448403685573e-10,8.448987976289139e-10,6.291511696063224e-11,7.994705743032297e-10,8.946735438363472e-10,1.1208427700167297e-09,6.222363095430216e-11,1.0841921572338574e-09,1.169681961864293e-09,100.0
0.00037199453594508226,0.000489055753550178,5.202720782448703e-06,-1.1315165014860327e-06,0.14969788507339654,2.6013603912243517e-06,2.6013603912243517e-06,0.988730260217334,0.0015348026308223675,0.0005150693574624216,0.0001248652987787689,3.902040586836527e-05,1.0405441564897407e-05,0.0,0.0,0.0,0.0,2.3136834895039852e-11,1.2307153072100013e-10,2.485293864151139e-14,3.088766353677959e-12,3.5924828624574555e-09,7.129796333873864e-10,2.9816252149129563e-09,4.1377392188176575e-09,6.023194532289567e-09,6.714418130276216e-10,5.457299848522934e-09,6.515701060738524e-09,8.621598477429294e-09,7.070670273677766e-10,7.996960258403259e-09,9.08896212679569e-09,1.1551506523888653e-08,7.568840673766716e-10,1.1122360637696104e-08,1.2089402982355977e-08,101.0
0.0002833019122599347,0.0,5.058962718927405e-06,5.159907944089498e-07,0.1135003580804958,2.5294813594637026e-06,2.5294813594637026e-06,0.9935372768142315,0.0011079128354451017,0.0001947700646787051,5.0589627189274054e-05,2.5294813594637026e-06,5.058962718927405e-06,0.0,0.0,0.0,0.0,1.1671204815105094e-11,6.220599461914292e-11,2.342857111135195e-15,1.316963590500703e-12,1.5598505651051531e-09,3.119883809354086e-10,1.3042288505477834e-09,1.7641564050764607e-09,2.7299665343259804e-09,3.071915635466506e-10,2.4623887578027685e-09,2.93256461795821e-09,3.94465965472389e-09,3.0490637949688387e-10,3.6750345942926276e-09,4.1291002740721e-09,5.173686334193338e-09,0.0,5.173686266039249e-09,5.173686266039249e-09,102.0
0.00023249491371786548,0.0,5.054237254736206e-06,8.874543248570385e-07,0.11414994839821721,2.527118627368103e-06,0.0,0.9934634019095759,0.0004498271156715223,4.296101666525775e-05,7.5813558821043085e-06,2.527118627368103e-06,2.527118627368103e-06,0.0,0.0,0.0,0.0,3.757196651781879e-12,3.0037770459979124e-11,2.4224479254741965e-16,6.945103223087476e-14,8.312355775917787e-10,1.384210072581683e-10,7.191996447821842e-10,9.02025713479851e-10,1.6357958007157654e-09,2.2337690544761056e-10,1.416487695061424e-09,1.8716761212575337e-09,2.1784753198414972e-09,1.1168814062465479e-10,2.100335762737027e-09,2.227469699652706e-09,2.737008464964161e-09,0.0,2.7370085798360926e-09,2.7370085798360926e-09,103.0
0.0004036858236490757,0.0005089951689488346,5.0147307285599465e-06,1.8261533162467537e-07,0.17552059023032668,2.5073653642799732e-06,0.0,0.9844743850733387,0.001504419218567984,0.00013539772967111855,5.766940337843938e-05,2.256628827851976e-05,5.0147307285599465e-06,0.0,0.0,0.0,0.0,7.3373233244154e-12,3.7201210737884273e-11,8.150667920934996e-15,7.025184650060345e-13,8.090811690035174e-10,1.531280372978979e-10,6.852103583867806e-10,9.151962023451119e-10,1.4088522413911348e-09,1.5986631844103706e-10,1.2796860552813163e-09,1.5399689810117784e-09,2.1404324018458988e-09,1.9029594270164843e-10,1.9430126429777465e-09,2.2921104683671604e-09,2.7629145377881694e-09,1.4019880779698822e-10,2.6520100417785305e-09,2.8551662700162995e-09,104.0
0.00022656198863425255,0.0,5.091280643466349e-06,-2.9542518881460313e-07,0.09050515035857956,2.5456403217331746e-06,0.0,0.9958875871862005,0.0039050122535386903,0.0011760858286407267,0.00020874250638212033,6.364100804332937e-05,1.2728201608665874e-05,0.0,0.0,0.0,0.0,4.239312868381592e-12,3.233521976651752e-11,4.1462679764062533e-16,9.440990521036792e-14,8.998326863622105e-10,1.7262306754097068e-10,7.518922295444165e-10,1.0295677114952887e-09,1.5213953196189954e-09,1.7773821101681294e-10,1.363363728593898e-09,1.6606035796371744e-09,2.169654846621893e-09,1.6539491022479314e-10,2.031290158457028e-09,2.2896373523589052e-09,2.779466804153557e-09,1.5220841698900565e-10,2.666552462570234e-09,2.9375007461021943e-09,105.0
0.0003614887072946321,0.0006092222269790653,5.0557861160088405e-06,3.6403652485339823e-06,0.11451102763454223,0.0,0.0,0.9934215255068091,0.0006168059061530786,8.342047091414586e-05,5.3085754218092824e-05,6.066943339210608e-05,3.7918395870066306e-05,0.0,0.0,0.0,0.0,6.8256752732122876e-12,9.628588686937157e-11,5.46897044651839e-18,1.1217526709819841e-13,5.432913128128206e-09,9.854528482200616e-10,4.642301125574787e-09,6.2213877393188776e-09,9.752662734010131e-09,1.1999905818453924e-09,8.583557725706736e-09,1.0816932640070217e-08,1.3974108645809605e-08,1.045366770213922e-09,1.270405949408032e-08,1.4492591293851234e-08,1.7496534996687742e-08,3.6864802906099814e-10,1.7144464886289298e-08,1.7789904463836292e-08,106.0
0.0003274708370073128,0.00013200374825100982,5.0770672404234544e-06,1.1390931727209407e-06,0.07420641478602921,2.5385336202117272e-06,0.0,0.9972426244312154,0.0005000911231817102,0.00028177723184350174,0.0002868542990839252,0.00013961934911164498,7.615600860635181e-06,0.0,0.0,0.0,0.0,3.6024635228459045e-12,4.585632009179942e-11,8.818002718361385e-20,2.1338635812004484e-15,2.9396343710199194e-09,6.184763239643617e-10,2.3595232023345294e-09,3.484937015010764e-09,5.153686785268857e-09,5.91779581294043e-10,4.654679458941816e-09,5.653065145894249e-09,7.334099313542834e-09,6.21572446494253e-10,6.789315240242829e-09,7.872534401972853e-09,8.919696605863712e-09,3.9457405394394656e-10,8.581341532107949e-09,9.185275395371983e-09,107.0
